[
	{
		"label": "Title",
		"desc": "Title of the page. Leave it empty to use the default page title",
		"id": "esense_twitter_title",
		"type": "text"
	},
	{
		"label": "Site",
		"desc": "Twitter site",
		"id": "esense_twitter_site",
		"type": "text"
	},
	{
		"label": "Creator",
		"desc": "Twitter Card creator",
		"id": "esense_twitter_creator",
		"type": "text"
	},
	{
		"label": "Description",
		"desc": "Description of the page. Leave it empty to use default post excerpt",
		"id": "esense_twitter_desc",
		"type": "textarea"
	},
	{
		"label": "Image",
		"desc": "Image for the content. Leave it empty to use a featured image or upload other image.",
		"id": "esense_twitter_image",
		"type": "image"
	}
]