[
	{
		"groupname": "Advanced theme settings",
		"groupdesc": "Here you may configure advanced theme settings associated with the additional metatags, CSS files and output.",
		"fields": [
			{
				"name": "widget_rules_state",
				"type": "Switcher",
				"label": "Widget rules",
				"tooltip": "Enable widget rules used to disable specific widgets on selected pages or for specific groups of users.",
				"default": "Y"
			},
			{
				"name": "use_page_preloader",
				"type": "Switcher",
				"label": "Use page preloader",
				"tooltip": "Enable use of page preloader vivible before full page is loaded.",
				"default": "N"
			},
			{
				"name": "ga_ua_id",
				"type": "Text",
				"label": "Google Analytics tracking ID",
				"tooltip": "Please specify the UA ID i.e. UA-XXXXXX-Y",
				"default": ""
			},
			{
				"name": "prefixfree_state",
				"type": "Switcher",
				"label": "Use Prefixfree script",
				"tooltip": "Enable use of the Prefixfree script which cause that the CSS vendor prefixes are unnecessary.",
				"default": "N"
			},
			{
				"name": "emoticons_widget_state",
				"type": "Switcher",
				"label": "Parse emoticons within text widgets",
				"tooltip": "Enable parsing of emoticons within widget text.",
				"default": "Y"
			},
			{
				"name": "shortcodes_widget_state",
				"type": "Switcher",
				"label": "Parse shortcodes within text widgets",
				"tooltip": "Enable parsing of shortcodes within widget text.",
				"default": "Y"
			},
			{
				"name": "thickbox_state",
				"type": "Switcher",
				"label": "Use Thickbox",
				"tooltip": "Enable use of Thickbox to display post images in the popup.",
				"default": "Y"
			},
			{
				"name": "content_width_variable",
				"type": "Text",
				"label": "Value of variable $content_width",
				"tooltip": "Specify the value of the $content_width variable to avoid problems with images, oEmbeds etc. We recommend setting this to the theme's maximum width.",
				"default": "1024"
			},
			{
				"name": "overridecss_state",
				"type": "Switcher",
				"label": "Use the override.css file",
				"tooltip": "Enable inclusion of the override.css file in the <head> section. The override.css file is the best way to add modifications and new CSS code without changing the original theme files.",
				"default": "Y"
			},
			{
				"name": "custom_rss_feed",
				"type": "Text",
				"label": "Custom RSS feed URL",
				"tooltip": "Specify the custom RSS feed URL if you're using services like Feedburner",
				"default": ""
			},
			{
				"name": "cache_manifest",
				"type": "Text",
				"label": "Cache manifest filename",
				"tooltip": "Please specify the cache manifest filename if you need. This file should be located in the root of your WordPress installation.",
				"default": ""
			},
			{	"name": "comments_explained",
				"type": "TextBlock",
				"label": "Settings connected with comments"
			},
			{
				"name": "comments_autoblank",
				"type": "Switcher",
				"label": "Add target blank to comments links",
				"tooltip": "If this option is enabled then every link in the comments text will contain attribute target='_blank'.",
				"default": "Y"
			},
			{
				"name": "comments_autolinking",
				"type": "Switcher",
				"label": "Autolinking in comments",
				"tooltip": "If this option is enabled then every link in the comments text will be automatically changed into hyperlink.",
				"default": "Y"
			},
			{
				"name": "opensearch_explained",
				"type": "TextBlock",
				"label": "Open Search is an open protocol used to easily integrate your page search with the browser search engines."
			},
			{
				"name": "opensearch_use_opensearch",
				"type": "Switcher",
				"label": "Enable support for Open Search",
				"tooltip": "Enable support for Open Search, which activates an implementation of custom search engines based upon your blog search engines.",
				"default": "N"
			},
			{
				"name": "opengraph_explained",
				"type": "TextBlock",
				"label": "Open Graph is an open protocol used for better control over content displayed in Facebook."
			},
			{
				"name": "opengraph_use_opengraph",
				"type": "Switcher",
				"label": "Enable support for Open Graph",
				"tooltip": "Enable support for Open Graph, exposing additional options to make your content more readable to Facebook crawlers.",
				"default": "N"
			}

		]
	}
]