[
	{
		"groupname": "Theme branding",
		"groupdesc": "You can configure here options connected with theme branding.",
		"fields": [
			{
				"name": "template_copyright_text",
				"type": "Textarea",
				"label": "Copyright text",
				"tooltip": "Specify the content of the theme footer.",
				"default": "© 2015 Esense. All rights reserved.",
				"class": "",
				"visibility": ""
			}

		]
	},
	{
		"groupname": "Back-end branding",
		"groupdesc": "Configure options associated with back-end styling.",
		"fields": [
			{
				"name": "branding_admin_page_template_name",
				"type": "Text",
				"label": "Theme name",
				"default": "Esense",
				"tooltip": "Specify the theme name visible in admin page."
			},
			{
				"name": "branding_admin_page_slogan",
				"type": "Text",
				"label": "Slogan",
				"tooltip": "Specify the text visible in admin page header after the theme name.",
				"default": "Multipurpose Wordpress Theme"
			},
			
			{
				"name": "branding_login_page_image",
				"type": "Media",
				"label": "Login Page Logo",
				"tooltip": "Select a logo image for the login page.",
				"default": "",
				"class": "",
				"visibility": ""
			},
			{
				"name": "branding_login_page_image_width_height",
				"type": "WidthHeight",
				"label": "Login Page Logo Size (optional)",
				"tooltip": "Specify dimensions for the login page logo.",
				"default": "",
				"class": "",
				"visibility": "",
				"other": {
					"size": "2",
					"unit": "px"
				}
			},
			{
				"name": "branding_admin_page_image",
				"type": "Media",
				"label": "Admin Panel Logo (16x16px).",
				"tooltip": "Select a logo image for the admin panel (ideally 16x16 pixels).",
				"default": "",
				"class": "",
				"visibility": ""
			},
			{
				"name": "branding_admin_page_image_width_height",
				"type": "WidthHeight",
				"label": "Admin Panel Logo Size (optional)",
				"tooltip": "Specify dimensions of the admin panel logo.",
				"default": "",
				"class": "",
				"visibility": "",
				"other": {
					"size": "2",
					"unit": "px"
				}
			}


		]
	}
]