[
	{
		"groupname": "Basic theme settings",
		"groupdesc": "Basic theme parameters are configured here.",
		"fields": [
		    {
				"name": "template_options_saved",
				"type": "Text",
				"label": "Template options are saved",
				"tooltip": "",
				"default": "Y",
				"visibility": "breadcrumbs_state=Z"
			},
			{
				"name": "template_style",
				"type": "ThemeStyle",
				"label": "Theme Style",
				"tooltip": "Select a default theme style from the list provided.",
				"default": "style0"
			},
			{
				"name": "breadcrumbs_state",
				"type": "Select",
				"label": "Breadcrumb Display",
				"tooltip": "Enable display of breadcrumbs in the theme.",
				"default": "Y",
				"class": "",
				"visibility": "",
				"other": {
					"options": {
						"Y": "Enabled",
						"N": "Disabled"
					}
				}
			},
			{
				"name": "sidebar_position",
				"type": "Select",
				"label": "Sidebar column position",
				"tooltip": "Specify the sidebar column position.",
				"default": "right",
				"class": "",
				"visibility": "",
				"other": {
					"options": {
						"left": "Sidebar on the left",
						"right": "Sidebar on the right",
						"none": "Sidebar disabled"
					}
				}
			},
			{
				"name": "template_width",
				"type": "Text",
				"label": "Theme Width",
				"tooltip": "Specify the maximum base width for the theme to be visible on desktop computers.",
				"default": "1230"
			},
			{
				"name": "sidebar_width",
				"type": "Text",
				"label": "Sidebar Width",
				"tooltip": "Specify the width of the theme sidebar as a percentage",
				"default": "22"
			},
			{
				"name": "tablet_width",
				"type": "Text",
				"label": "Tablet Width",
				"tooltip": "Specify the browser width when tablet.css is loaded. We recommend 1030 pixels.",
				"default": "1030"
			},
			{
				"name": "small_tablet_width",
				"type": "Text",
				"label": "Small Tablet Width",
				"tooltip": "Specify the browser width when tablet.small.css is loaded. We recommend 820 pixels.",
				"default": "820"
			},
			{
				"name": "mobile_width",
				"type": "Text",
				"label": "Mobile Width",
				"tooltip": "Specify the browser width when mobile.css is loaded. We recommend 480 pixels",
				"default": "580"
			},
			{
				"name": "head_code",
				"type": "Textarea",
				"label": "Code for the HEAD section",
				"tooltip": "You can specify the code which will be added at the end of the HEAD section - it is useful when you need to add some additional metatags, scripts etc.",
				"default": ""
			},
			{
				"name": "footer_code",
				"type": "Textarea",
				"label": "Code for the footer section",
				"tooltip": "You can specify the code which will be added before closing body tag - it is useful when you need to add some additional scripts, trackers etc.",
				"default": ""
			},
			{
				"name": "custom_css_code",
				"type": "Textarea",
				"label": "Custom CSS Code",
				"tooltip": "You can specify the custom CSS code which will be added dynamicaly  - it is useful when you need to add some quick small CSS modifications without editing core CSS files.",
				"default": ""
			}
		]
	}
]